,Actor ID/SRN,Actor/Organisation name,UDI-DI code,Status,Nomenclature code(s),Name/Trade name(s),Reference-catalogue number,Additional Product description,Additional information url,Clinical sizes,Labelled as single use,Maximum number of reuses,Need for sterilisation before use,Device labelled as sterile,Containing Latex,Storage and handling conditions,Critical warnings or contra-indications,Reprocessesed single use device,Member state of the placing on the EU market of the device,link
0,CN-MF-000013332,"Zhejiang Nurotron Biotechnology Co., Ltd.",06956131903960 / GS1,On the EU Market,J0301: COCHLEAR IMPLANTABLE DEVICES,VENUS 60C BTE Battery Extension Wire (40cm)[EN],CP02.1036,,http://www.nurotron.com/index_en.aspx,,No,,No,No,No,Range of temperatures: between -20℃ and 50℃. | Range of humidity: between 0% and 85%.,CONTRAINDICATIONS: Absolute contraindications: 1) Serious malformation of inner ear. such as Michel deformation or cochlea absence; 2) Auditory nerve absence; 3) Deafness caused by non-cochlea illness; 4) Serious mental disease; 5) Uncured purulent mastoiditis of middle ear. Relative contraindications: 1) Bad physical condition; 2) Uncontrollable epilepsy.,No,Spain,https://ec.europa.eu/tools/eudamed/#/screen/search-device/ba44c6d3-aae5-4d6a-ba82-84fc5a63361d
1,CN-MF-000013332,"Zhejiang Nurotron Biotechnology Co., Ltd.",06956131903212 / GS1,On the EU Market,J0301: COCHLEAR IMPLANTABLE DEVICES,VENUS 60C BTE Battery Extension Wire (30cm)[EN],CP02.1035,,http://www.nurotron.com/index_en.aspx,,No,,No,No,No,Range of temperatures: between -20℃ and 50℃. | Range of humidity: between 0% and 85%.,CONTRAINDICATIONS: Absolute contraindications: 1) Serious malformation of inner ear. such as Michel deformation or cochlea absence; 2) Auditory nerve absence; 3) Deafness caused by non-cochlea illness; 4) Serious mental disease; 5) Uncured purulent mastoiditis of middle ear. Relative contraindications: 1) Bad physical condition; 2) Uncontrollable epilepsy.,No,Spain,https://ec.europa.eu/tools/eudamed/#/screen/search-device/c358b97e-8570-4367-83bc-deb5e0aa9301
2,CN-MF-000013332,"Zhejiang Nurotron Biotechnology Co., Ltd.",06956131903953 / GS1,On the EU Market,J0301: COCHLEAR IMPLANTABLE DEVICES,VENUS 60C BTE Battery Extension Wire (20cm)[EN],CP02.1034,,http://www.nurotron.com/index_en.aspx,,No,,No,No,No,Range of temperatures: between -20℃ and 50℃. | Range of humidity: between 0% and 85%.,CONTRAINDICATIONS: Absolute contraindications: 1) Serious malformation of inner ear. such as Michel deformation or cochlea absence; 2) Auditory nerve absence; 3) Deafness caused by non-cochlea illness; 4) Serious mental disease; 5) Uncured purulent mastoiditis of middle ear. Relative contraindications: 1) Bad physical condition; 2) Uncontrollable epilepsy.,No,Spain,https://ec.europa.eu/tools/eudamed/#/screen/search-device/d16c7ee6-b0e1-4b46-8972-67a807298fb7
3,CN-MF-000013332,"Zhejiang Nurotron Biotechnology Co., Ltd.",06956131903298 / GS1,On the EU Market,J0301: COCHLEAR IMPLANTABLE DEVICES,Drying Case[EN],CP02.1022,"Sobre la base del producto común, se añade la función de temporización, que incluye dos engranajes de tiempo de secado debido a la situación real, por lo que es más ahorro de energía, seguro y conveniente.[EN]",http://www.nurotron.com/index_en.aspx,,No,,No,No,No,Range of temperatures: between -20℃ and 50℃. | Range of humidity: between 0% and 85%.,CONTRAINDICATIONS: Absolute contraindications: 1) Serious malformation of inner ear. such as Michel deformation or cochlea absence; 2) Auditory nerve absence; 3) Deafness caused by non-cochlea illness; 4) Serious mental disease; 5) Uncured purulent mastoiditis of middle ear. Relative contraindications: 1) Bad physical condition; 2) Uncontrollable epilepsy. | WARNING: Do not put the battery into the drying box to avoid box damage or explosion; Do not cover the dryer with cloth or other things when it is working. Please clean the surface stains. including water stains. and remove the battery before drying. After drying. please remove the power plug. Do not disassemble or refit by yourself.,No,Spain,https://ec.europa.eu/tools/eudamed/#/screen/search-device/011f6f6e-904b-4cbf-8f1e-346404edf8d9
4,CN-MF-000013332,"Zhejiang Nurotron Biotechnology Co., Ltd.",06956131903144 / GS1,On the EU Market,J0301: COCHLEAR IMPLANTABLE DEVICES,RF Signal Tester[EN],CP00.0001,,http://www.nurotron.com/index_en.aspx,,No,,No,No,No,,,No,Spain,https://ec.europa.eu/tools/eudamed/#/screen/search-device/1fa4f516-0ab7-4183-8217-806964026dff
5,CN-MF-000013332,"Zhejiang Nurotron Biotechnology Co., Ltd.",06956131903120 / GS1,On the EU Market,J0301: COCHLEAR IMPLANTABLE DEVICES,VENUS 60C Battery Storage Body-worn Bag[EN],CP00.0082,,http://www.nurotron.com/index_en.aspx,,No,,No,No,No,Range of temperatures: between -20℃ and 50℃. | Range of humidity: between 0% and 85%.,CONTRAINDICATIONS: Absolute contraindications: 1) Serious malformation of inner ear. such as Michel deformation or cochlea absence; 2) Auditory nerve absence; 3) Deafness caused by non-cochlea illness; 4) Serious mental disease; 5) Uncured purulent mastoiditis of middle ear. Relative contraindications: 1) Bad physical condition; 2) Uncontrollable epilepsy.,No,Spain,https://ec.europa.eu/tools/eudamed/#/screen/search-device/a90ca619-b5ce-4e3f-a813-367482da5bfb
6,CN-MF-000013332,"Zhejiang Nurotron Biotechnology Co., Ltd.",06956131903113 / GS1,On the EU Market,J0301: COCHLEAR IMPLANTABLE DEVICES,VENUS 60C BTE Microphone cover & filter[EN],CP02.1023,,http://www.nurotron.com/index_en.aspx,,No,,No,No,No,Range of temperatures: between -20℃ and 50℃. | Range of humidity: between 0% and 85%.,CONTRAINDICATIONS: Absolute contraindications: 1) Serious malformation of inner ear. such as Michel deformation or cochlea absence; 2) Auditory nerve absence; 3) Deafness caused by non-cochlea illness; 4) Serious mental disease; 5) Uncured purulent mastoiditis of middle ear. Relative contraindications: 1) Bad physical condition; 2) Uncontrollable epilepsy.,No,Spain,https://ec.europa.eu/tools/eudamed/#/screen/search-device/cf847155-46b0-4121-9ade-5d1be71d3ce0
7,CN-MF-000013332,"Zhejiang Nurotron Biotechnology Co., Ltd.",06956131903106 / GS1,On the EU Market,J0301: COCHLEAR IMPLANTABLE DEVICES,VENUS 60C Earhook for BTE[EN],CP02.1025,"Diseñado para llevarlo cómodamente, es adecuado para todos los pabellones auriculares comunes (tanto para niños como para adultos). [EN]",http://www.nurotron.com/index_en.aspx,,No,,No,No,No,Range of temperatures: between -20℃ and 50℃. | Range of humidity: between 0% and 85%.,CONTRAINDICATIONS: Absolute contraindications: 1) Serious malformation of inner ear. such as Michel deformation or cochlea absence; 2) Auditory nerve absence; 3) Deafness caused by non-cochlea illness; 4) Serious mental disease; 5) Uncured purulent mastoiditis of middle ear. Relative contraindications: 1) Bad physical condition; 2) Uncontrollable epilepsy.,No,Spain,https://ec.europa.eu/tools/eudamed/#/screen/search-device/0360725e-a504-4eec-adfa-eac5cb3eb65f
8,CN-MF-000013332,"Zhejiang Nurotron Biotechnology Co., Ltd.",06956131903083 / GS1,On the EU Market,J0301: COCHLEAR IMPLANTABLE DEVICES,BTE Charger Power Cable[EN],CP00.0026,,http://www.nurotron.com/index_en.aspx,,No,,No,No,No,Range of temperatures: between -20℃ and 50℃. | Range of humidity: between 0% and 85%.,CONTRAINDICATIONS: Absolute contraindications: 1) Serious malformation of inner ear. such as Michel deformation or cochlea absence; 2) Auditory nerve absence; 3) Deafness caused by non-cochlea illness; 4) Serious mental disease; 5) Uncured purulent mastoiditis of middle ear. Relative contraindications: 1) Bad physical condition; 2) Uncontrollable epilepsy. | CHARGING WARNING: -Please charge the batteries with the charging device designated by Nurotron. -The batteries should be placed out of children’s reach to prevent accidental swallow. -Do not charge over 12 hours to prevent over-charge. -Do not cast batteries into fire. lest there should be explosions. -Do not litter the batteries with household waste. deliver them to recycle bin for recycling. -Please charge under 10-45℃. 0%-85% humidity. altitude ≤2000 m. -In case of electrolyte leakage or mechanical damage. do not disassemble by yourself.-Do not position the adapter so that it is difficult to operate the adapter when charging. -Please charge the battery daily and carry around a standby battery. -If the device is left unused for a long period of time please charge it once every 2 months. -The using time of the battery significantly shorten. please replace a new battery.,No,Spain,https://ec.europa.eu/tools/eudamed/#/screen/search-device/591dbba5-990c-4d36-a75b-d076b6ca0a51
9,CN-MF-000013332,"Zhejiang Nurotron Biotechnology Co., Ltd.",06956131903076 / GS1,On the EU Market,J0301: COCHLEAR IMPLANTABLE DEVICES,UE Plug Adaptor for BTE Batteries Charger[EN],CP02.1045,,http://www.nurotron.com/index_en.aspx,,No,,No,No,No,Range of temperatures: between -20℃ and 50℃. | Range of humidity: between 0% and 85%.,)CONTRAINDICATIONS: Absolute contraindications: 1) Serious malformation of inner ear. such as Michel deformation or cochlea absence; 2) Auditory nerve absence; 3) Deafness caused by non-cochlea illness; 4) Serious mental disease; 5) Uncured purulent mastoiditis of middle ear. Relative contraindications: 1) Bad physical condition; 2) Uncontrollable epilepsy. | CHARGING WARNING: -Please charge the batteries with the charging device designated by Nurotron. -The batteries should be placed out of children’s reach to prevent accidental swallow. -Do not charge over 12 hours to prevent over-charge. -Do not cast batteries into fire. lest there should be explosions. -Do not litter the batteries with household waste. deliver them to recycle bin for recycling. -Please charge under 10-45℃. 0%-85% humidity. altitude ≤2000 m. -In case of electrolyte leakage or mechanical damage. do not disassemble by yourself.-Do not position the adapter so that it is difficult to operate the adapter when charging. -Please charge the battery daily and carry around a standby battery. -If the device is left unused for a long period of time please charge it once every 2 months. -The using time of the battery significantly shorten. please replace a new battery.,No,Spain,https://ec.europa.eu/tools/eudamed/#/screen/search-device/d71beb7e-dac6-4a20-b918-83fcb551e4f3
10,CN-MF-000013332,"Zhejiang Nurotron Biotechnology Co., Ltd.",06956131903069 / GS1,On the EU Market,J0301: COCHLEAR IMPLANTABLE DEVICES,VENUS 60C BTE Batteries Charging Stand[EN],CP02.1046,,http://www.nurotron.com/index_en.aspx,,No,,No,No,No,Range of temperatures: between -20℃ and 50℃. | Range of humidity: between 0% and 85%.,CONTRAINDICATIONS: Absolute contraindications: 1) Serious malformation of inner ear. such as Michel deformation or cochlea absence; 2) Auditory nerve absence; 3) Deafness caused by non-cochlea illness; 4) Serious mental disease; 5) Uncured purulent mastoiditis of middle ear. Relative contraindications: 1) Bad physical condition; 2) Uncontrollable epilepsy. | CHARGING WARNING: -Please charge the batteries with the charging device designated by Nurotron. -The batteries should be placed out of children’s reach to prevent accidental swallow. -Do not charge over 12 hours to prevent over-charge. -Do not cast batteries into fire. lest there should be explosions. -Do not litter the batteries with household waste. deliver them to recycle bin for recycling. -Please charge under 10-45℃. 0%-85% humidity. altitude ≤2000 m. -In case of electrolyte leakage or mechanical damage. do not disassemble by yourself.-Do not position the adapter so that it is difficult to operate the adapter when charging. -Please charge the battery daily and carry around a standby battery. -If the device is left unused for a long period of time please charge it once every 2 months. -The using time of the battery significantly shorten. please replace a new battery.,No,Spain,https://ec.europa.eu/tools/eudamed/#/screen/search-device/1842a2c2-9e85-47c3-ad76-13b94037c36e
11,CN-MF-000013332,"Zhejiang Nurotron Biotechnology Co., Ltd.",06956131903052 / GS1,On the EU Market,J0301: COCHLEAR IMPLANTABLE DEVICES,VENUS 60C Connection wire for Rechargeable Body-worn Battery[EN],CP02.1041,Se utiliza para conectar la unidad de procesamiento de señales y la batería del cuerpo.[EN],http://www.nurotron.com/index_en.aspx,,No,,No,No,No,Range of temperatures: between -20℃ and 50℃. | Range of humidity: between 0% and 85%.,CONTRAINDICATIONS: Absolute contraindications: 1) Serious malformation of inner ear. such as Michel deformation or cochlea absence; 2) Auditory nerve absence; 3) Deafness caused by non-cochlea illness; 4) Serious mental disease; 5) Uncured purulent mastoiditis of middle ear. Relative contraindications: 1) Bad physical condition; 2) Uncontrollable epilepsy. | CHARGING WARNING: -Please charge the batteries with the charging device designated by Nurotron. -Do not charge over 12 hours to prevent over-charge. -Do not cast batteries into fire. lest there should be explosions. -Please charge under 10-40℃. 0%-85% humidity. altitude ≤2000 m. -Please turn off the battery if the device is left unused for a long period of time and charge once every 2 months. -In case of electrolyte leakage or evident mechanical damages. do not disassemble by yourself. -Do not position the adapter so that it is difficult to operate the adapter when charging. -Please charge the battery daily and carry around a standby battery. -The using time of the battery significantly shorten. please replace a new battery.,No,Spain,https://ec.europa.eu/tools/eudamed/#/screen/search-device/b269ad6f-d783-4db8-9dc5-c7b4e85089f9
12,CN-MF-000013332,"Zhejiang Nurotron Biotechnology Co., Ltd.",06956131903045 / GS1,On the EU Market,J0301: COCHLEAR IMPLANTABLE DEVICES,VENUS 60C Body-worn Rechargeable Battery[EN],CP02.1039,"El tipo de batería recargable para el cuerpo es una batería de iones de litio, que se puede cargar repetidamente. [EN]",http://www.nurotron.com/index_en.aspx,,No,,No,No,No,Range of temperatures: between -20℃ and 50℃. | Range of humidity: between 0% and 85%.,CONTRAINDICATIONS: Absolute contraindications: 1) Serious malformation of inner ear. such as Michel deformation or cochlea absence; 2) Auditory nerve absence; 3) Deafness caused by non-cochlea illness; 4) Serious mental disease; 5) Uncured purulent mastoiditis of middle ear. Relative contraindications: 1) Bad physical condition; 2) Uncontrollable epilepsy. | CHARGING WARNING: -Please charge the batteries with the charging device designated by Nurotron. -Do not charge over 12 hours to prevent over-charge. -Do not cast batteries into fire. lest there should be explosions. -Please charge under 10-40℃. 0%-85% humidity. altitude ≤2000 m. -Please turn off the battery if the device is left unused for a long period of time and charge once every 2 months. -In case of electrolyte leakage or evident mechanical damages. do not disassemble by yourself. -Do not position the adapter so that it is difficult to operate the adapter when charging. -Please charge the battery daily and carry around a standby battery. -The using time of the battery significantly shorten. please replace a new battery.,No,Spain,https://ec.europa.eu/tools/eudamed/#/screen/search-device/4283df80-9fb4-4909-861b-c66b125ad44b
13,CN-MF-000013332,"Zhejiang Nurotron Biotechnology Co., Ltd.",06956131903038 / GS1,On the EU Market,J0301: COCHLEAR IMPLANTABLE DEVICES,VENUS 60C Rechargeable BTE Battery[EN],CP02.1038,El procesador del habla del implante coclear se alimenta de la pila BTE.[EN],http://www.nurotron.com/index_en.aspx,,No,,No,No,No,Range of temperatures: between -20℃ and 50℃. | Range of humidity: between 0% and 85%.,CONTRAINDICATIONS: Absolute contraindications: 1) Serious malformation of inner ear. such as Michel deformation or cochlea absence; 2) Auditory nerve absence; 3) Deafness caused by non-cochlea illness; 4) Serious mental disease; 5) Uncured purulent mastoiditis of middle ear. Relative contraindications: 1) Bad physical condition; 2) Uncontrollable epilepsy. | CHARGING WARNING: -Please charge the batteries with the charging device designated by Nurotron. -The batteries should be placed out of children’s reach to prevent accidental swallow. -Do not charge over 12 hours to prevent over-charge. -Do not cast batteries into fire. lest there should be explosions. -Do not litter the batteries with household waste. deliver them to recycle bin for recycling. -Please charge under 10-45℃. 0%-85% humidity. altitude ≤2000 m. -In case of electrolyte leakage or mechanical damage. do not disassemble by yourself.,No,Spain,https://ec.europa.eu/tools/eudamed/#/screen/search-device/d0d40c27-d82c-40b2-911b-bc1e5e42291b
14,CN-MF-000013332,"Zhejiang Nurotron Biotechnology Co., Ltd.",06956131903021 / GS1,On the EU Market,J0301: COCHLEAR IMPLANTABLE DEVICES,VENUS 60C External magnet 8#[EN],CP02.2050,"El imán externo es atraído por el imán de la bobina receptora del implante a través del cuero cabelludo, para asegurar la correcta conexión entre el implante y la bobina de transmisión. [EN]",http://www.nurotron.com/index_en.aspx,,No,,No,No,No,Range of temperatures: between -20℃ and 50℃. | Range of humidity: between 0% and 85%.,CONTRAINDICATIONS: Absolute contraindications: 1) Serious malformation of inner ear. such as Michel deformation or cochlea absence; 2) Auditory nerve absence; 3) Deafness caused by non-cochlea illness; 4) Serious mental disease; 5) Uncured purulent mastoiditis of middle ear. Relative contraindications: 1) Bad physical condition; 2) Uncontrollable epilepsy. | WARNING: Chocking hazard-small parts included in this device. please supervise children under 3 years old during  use.,No,Spain,https://ec.europa.eu/tools/eudamed/#/screen/search-device/80269c5a-5549-4d6b-871b-04c5b130bc6c
15,CN-MF-000013332,"Zhejiang Nurotron Biotechnology Co., Ltd.",06956131903014 / GS1,On the EU Market,J0301: COCHLEAR IMPLANTABLE DEVICES,VENUS 60C External magnet 6#[EN],CP02.2049,"El imán externo es atraído por el imán de la bobina receptora del implante a través del cuero cabelludo, para asegurar la correcta conexión entre el implante y la bobina de transmisión. [EN]",http://www.nurotron.com/index_en.aspx,,No,,No,No,No,Range of temperatures: between -20℃ and 50℃. | Range of humidity: between 0% and 85%.,CONTRAINDICATIONS: Absolute contraindications: 1) Serious malformation of inner ear. such as Michel deformation or cochlea absence; 2) Auditory nerve absence; 3) Deafness caused by non-cochlea illness; 4) Serious mental disease; 5) Uncured purulent mastoiditis of middle ear. Relative contraindications: 1) Bad physical condition; 2) Uncontrollable epilepsy. | WARNING: Chocking hazard-small parts included in this device. please supervise children under 3 years old during  use.,No,Spain,https://ec.europa.eu/tools/eudamed/#/screen/search-device/358d2160-dff0-4156-adf4-4e3021e4a337
16,CN-MF-000013332,"Zhejiang Nurotron Biotechnology Co., Ltd.",06956131903007 / GS1,On the EU Market,J0301: COCHLEAR IMPLANTABLE DEVICES,VENUS 60C External magnet 5#[EN],CP02.2048,"El imán externo es atraído por el imán de la bobina receptora del implante a través del cuero cabelludo, para asegurar la correcta conexión entre el implante y la bobina de transmisión. [EN]",http://www.nurotron.com/index_en.aspx,,No,,No,No,No,Range of temperatures: between -20℃ and 50℃. | Range of humidity: between 0% and 85%.,CONTRAINDICATIONS: Absolute contraindications: 1) Serious malformation of inner ear. such as Michel deformation or cochlea absence; 2) Auditory nerve absence; 3) Deafness caused by non-cochlea illness; 4) Serious mental disease; 5) Uncured purulent mastoiditis of middle ear. Relative contraindications: 1) Bad physical condition; 2) Uncontrollable epilepsy. | WARNING: Chocking hazard-small parts included in this device. please supervise children under 3 years old during  use.,No,Spain,https://ec.europa.eu/tools/eudamed/#/screen/search-device/a90249fc-9bc1-4e34-a989-79124becfa5c
17,CN-MF-000013332,"Zhejiang Nurotron Biotechnology Co., Ltd.",06956131902994 / GS1,On the EU Market,J0301: COCHLEAR IMPLANTABLE DEVICES,VENUS 60C External magnet 4#[EN],CP02.2047,"El imán externo es atraído por el imán de la bobina receptora del implante a través del cuero cabelludo, para asegurar la correcta conexión entre el implante y la bobina de transmisión. [EN]",http://www.nurotron.com/index_en.aspx,,No,,No,No,No,Range of temperatures: between -20℃ and 50℃. | Range of humidity: between 0% and 85%.,CONTRAINDICATIONS: Absolute contraindications: 1) Serious malformation of inner ear. such as Michel deformation or cochlea absence; 2) Auditory nerve absence; 3) Deafness caused by non-cochlea illness; 4) Serious mental disease; 5) Uncured purulent mastoiditis of middle ear. Relative contraindications: 1) Bad physical condition; 2) Uncontrollable epilepsy. | WARNING: Chocking hazard-small parts included in this device. please supervise children under 3 years old during  use.,No,Spain,https://ec.europa.eu/tools/eudamed/#/screen/search-device/ffc82bc2-16e4-4b5a-827c-0f28215af64d
18,CN-MF-000013332,"Zhejiang Nurotron Biotechnology Co., Ltd.",06956131902987 / GS1,On the EU Market,J0301: COCHLEAR IMPLANTABLE DEVICES,VENUS 60C External magnet 3#[EN],CP02.2046,"El imán externo es atraído por el imán de la bobina receptora del implante a través del cuero cabelludo, para asegurar la correcta conexión entre el implante y la bobina de transmisión. [EN]",http://www.nurotron.com/index_en.aspx,,No,,No,No,No,Range of temperatures: between -20℃ and 50℃. | Range of humidity: between 0% and 85%.,CONTRAINDICATIONS: Absolute contraindications: 1) Serious malformation of inner ear. such as Michel deformation or cochlea absence; 2) Auditory nerve absence; 3) Deafness caused by non-cochlea illness; 4) Serious mental disease; 5) Uncured purulent mastoiditis of middle ear. Relative contraindications: 1) Bad physical condition; 2) Uncontrollable epilepsy. | WARNING: Chocking hazard-small parts included in this device. please supervise children under 3 years old during  use.,No,Spain,https://ec.europa.eu/tools/eudamed/#/screen/search-device/f4167da2-53a3-4f39-bbf4-aa8d35495a51
19,CN-MF-000013332,"Zhejiang Nurotron Biotechnology Co., Ltd.",06956131902970 / GS1,On the EU Market,J0301: COCHLEAR IMPLANTABLE DEVICES,VENUS 60C External magnet 2#[EN],CP02.2045,"El imán externo es atraído por el imán de la bobina receptora del implante a través del cuero cabelludo, para asegurar la correcta conexión entre el implante y la bobina de transmisión. [EN]",http://www.nurotron.com/index_en.aspx,,No,,No,No,No,Range of temperatures: between -20℃ and 50℃. | Range of humidity: between 0% and 85%.,CONTRAINDICATIONS: Absolute contraindications: 1) Serious malformation of inner ear. such as Michel deformation or cochlea absence; 2) Auditory nerve absence; 3) Deafness caused by non-cochlea illness; 4) Serious mental disease; 5) Uncured purulent mastoiditis of middle ear. Relative contraindications: 1) Bad physical condition; 2) Uncontrollable epilepsy. | WARNING: Chocking hazard-small parts included in this device. please supervise children under 3 years old during  use.,No,Spain,https://ec.europa.eu/tools/eudamed/#/screen/search-device/a5bd0cbd-cafd-4fa5-bce9-227b1cf64d9e
20,CN-MF-000013332,"Zhejiang Nurotron Biotechnology Co., Ltd.",06956131902963 / GS1,On the EU Market,J0301: COCHLEAR IMPLANTABLE DEVICES,Transmission Coil VENUS 60C (28cm)[EN],CP02.2044,"La bobina de transmisión se utiliza principalmente para transmitir y recibir señales.
La bobina de transmisión está directamente encima del implante. Utiliza el imán del exterior del cuero cabelludo para atraer el imán del interior de la bobina receptora del implante, a fin de garantizar su posición correcta.[EN]",http://www.nurotron.com/index_en.aspx,,No,,No,No,No,Range of temperatures: between -20℃ and 50℃. | Range of humidity: between 0% and 85%.,CONTRAINDICATIONS: Absolute contraindications: 1) Serious malformation of inner ear. such as Michel deformation or cochlea absence; 2) Auditory nerve absence; 3) Deafness caused by non-cochlea illness; 4) Serious mental disease; 5) Uncured purulent mastoiditis of middle ear. Relative contraindications: 1) Bad physical condition; 2) Uncontrollable epilepsy. | WARNING: Chocking hazard-small parts included in this device. please supervise children under 3 years old during  use.,No,Spain,https://ec.europa.eu/tools/eudamed/#/screen/search-device/d6876ac1-f222-46fd-b4be-4e4dbe77fcc7
21,CN-MF-000013332,"Zhejiang Nurotron Biotechnology Co., Ltd.",06956131902956 / GS1,On the EU Market,J0301: COCHLEAR IMPLANTABLE DEVICES,Transmission Coil VENUS 60C (20cm)[EN],CP02.2043,"La bobina de transmisión se utiliza principalmente para transmitir y recibir señales.
La bobina de transmisión está directamente encima del implante. Utiliza el imán del exterior del cuero cabelludo para atraer el imán del interior de la bobina receptora del implante, a fin de garantizar su posición correcta.[EN]",http://www.nurotron.com/index_en.aspx,,No,,No,No,No,Range of temperatures: between -20℃ and 50℃. | Range of humidity: between 0% and 85%.,CONTRAINDICATIONS: Absolute contraindications: 1) Serious malformation of inner ear. such as Michel deformation or cochlea absence; 2) Auditory nerve absence; 3) Deafness caused by non-cochlea illness; 4) Serious mental disease; 5) Uncured purulent mastoiditis of middle ear. Relative contraindications: 1) Bad physical condition; 2) Uncontrollable epilepsy. | WARNING: Chocking hazard-small parts included in this device. please supervise children under 3 years old during  use.,No,Spain,https://ec.europa.eu/tools/eudamed/#/screen/search-device/285001a1-a9f2-43c4-82a6-0faf77f7f822
22,CN-MF-000013332,"Zhejiang Nurotron Biotechnology Co., Ltd.",06956131903557 / GS1,On the EU Market,J0301: COCHLEAR IMPLANTABLE DEVICES,Transmission Coil VENUS 60C (10cm)[EN],CP02.2042,"La bobina de transmisión se utiliza principalmente para transmitir y recibir señales.
La bobina de transmisión está directamente encima del implante. Utiliza el imán del exterior del cuero cabelludo para atraer el imán del interior de la bobina receptora del implante, a fin de garantizar su posición correcta.[EN]",http://www.nurotron.com/index_en.aspx,,No,,No,No,No,Range of temperatures: between -20℃ and 50℃. | Range of humidity: between 0% and 85%.,CONTRAINDICATIONS: Absolute contraindications: 1) Serious malformation of inner ear. such as Michel deformation or cochlea absence; 2) Auditory nerve absence; 3) Deafness caused by non-cochlea illness; 4) Serious mental disease; 5) Uncured purulent mastoiditis of middle ear. Relative contraindications: 1) Bad physical condition; 2) Uncontrollable epilepsy. | WARNING: Chocking hazard-small parts included in this device. please supervise children under 3 years old during  use.,No,Spain,https://ec.europa.eu/tools/eudamed/#/screen/search-device/9d2c1a22-f1fe-4be0-a5f2-2e1cc532444a
23,CN-MF-000013332,"Zhejiang Nurotron Biotechnology Co., Ltd.",06956131902949 / GS1,On the EU Market,J0301: COCHLEAR IMPLANTABLE DEVICES,Transmission Coil VENUS 60C (8cm)[EN],CP02.2041,"La bobina de transmisión se utiliza principalmente para transmitir y recibir señales.
La bobina de transmisión está directamente encima del implante. Utiliza el imán del exterior del cuero cabelludo para atraer el imán del interior de la bobina receptora del implante, a fin de garantizar su posición correcta.[EN]",http://www.nurotron.com/index_en.aspx,,No,,No,No,No,Range of temperatures: between -20℃ and 50℃. | Range of humidity: between 0% and 85%.,CONTRAINDICATIONS: Absolute contraindications: 1) Serious malformation of inner ear. such as Michel deformation or cochlea absence; 2) Auditory nerve absence; 3) Deafness caused by non-cochlea illness; 4) Serious mental disease; 5) Uncured purulent mastoiditis of middle ear. Relative contraindications: 1) Bad physical condition; 2) Uncontrollable epilepsy. | WARNING: Chocking hazard-small parts included in this device. please supervise children under 3 years old during  use.,No,Spain,https://ec.europa.eu/tools/eudamed/#/screen/search-device/b6e25a61-2bad-49b2-bc29-70e0f4f4f5ad
24,CN-MF-000013332,"Zhejiang Nurotron Biotechnology Co., Ltd.",06956131903540 / GS1,On the EU Market,J0301: COCHLEAR IMPLANTABLE DEVICES,Transmission Coil VENUS 60C (6cm)[EN],CP02.2040,"La bobina de transmisión se utiliza principalmente para transmitir y recibir señales.
La bobina de transmisión está directamente encima del implante. Utiliza el imán del exterior del cuero cabelludo para atraer el imán del interior de la bobina receptora del implante, a fin de garantizar su posición correcta.[EN]",http://www.nurotron.com/index_en.aspx,,No,,No,No,No,Range of temperatures: between -20℃ and 50℃. | Range of humidity: between 0% and 85%.,CONTRAINDICATIONS: Absolute contraindications: 1) Serious malformation of inner ear. such as Michel deformation or cochlea absence; 2) Auditory nerve absence; 3) Deafness caused by non-cochlea illness; 4) Serious mental disease; 5) Uncured purulent mastoiditis of middle ear. Relative contraindications: 1) Bad physical condition; 2) Uncontrollable epilepsy. | WARNING: Chocking hazard-small parts included in this device. please supervise children under 3 years old during  use.,No,Spain,https://ec.europa.eu/tools/eudamed/#/screen/search-device/4dd4d5fe-2f9e-43bb-9840-ab2d4890e628
25,CN-MF-000013332,"Zhejiang Nurotron Biotechnology Co., Ltd.",06956131902932 / GS1,On the EU Market,J0301: COCHLEAR IMPLANTABLE DEVICES,VENUS Speech Processor Unit NSP – 60C[EN],CP02.2057,El micrófono adquiere señales acústicas; la unidad de procesamiento de señales codifica las señales acústicas y las transmite a través de la bobina de transmisión.[EN],http://www.nurotron.com/index_en.aspx,,No,,No,No,No,Range of temperatures: between -20℃ and 50℃. | Range of humidity: between 0% and 85%.,CONTRAINDICATIONS: Absolute contraindications: 1) Serious malformation of inner ear. such as Michel deformation or cochlea absence; 2) Auditory nerve absence; 3) Deafness caused by non-cochlea illness; 4) Serious mental disease; 5) Uncured purulent mastoiditis of middle ear. Relative contraindications: 1) Bad physical condition; 2) Uncontrollable epilepsy. | STORAGE WARNING: If chemical desiccant is used. keep it out of children's reach. Do not connect to other equipment and accessories other than those provided by Nurotron. Do not modify this equipment without Nurotron’s authorization. Do not replace the components  of this equipment without technicians. which may cause equipment unable to use. Do not connect your processor with others’ implant users.,No,Spain,https://ec.europa.eu/tools/eudamed/#/screen/search-device/0a9398ad-0621-4a1f-8bf5-8e588b6849d5
26,CN-MF-000013332,"Zhejiang Nurotron Biotechnology Co., Ltd.",06956131903311 / GS1,On the EU Market,J0301: COCHLEAR IMPLANTABLE DEVICES,Software NuroSound NS V1.0 (USB)[EN],CP00.0078,"Se utiliza para almacenar los programas de instalación del software Nurosound 1.0, el manual de instalación y mantenimiento del software de programación Nurosound y el manual de usuario del software de programación Nurosound.[EN]",http://www.nurotron.com/index_en.aspx,,No,,No,No,No,,,No,Spain,https://ec.europa.eu/tools/eudamed/#/screen/search-device/61e600b2-8fe1-4e61-88b4-99b1d0093eb8
27,CN-MF-000013332,"Zhejiang Nurotron Biotechnology Co., Ltd.",06956131903533 / GS1,On the EU Market,J0301: COCHLEAR IMPLANTABLE DEVICES,Programming Box[EN],CP00.0039,"The programming system is within the programming  equipment for cochlear implant products, mainly including programming case, Venus programming wire, Enduro programming wire, programming software u disk (NuroSound Programming Software installation program), micro USB data wire (as shown in Figure 1); The device can connect the signal processing unit of cochlear speech processor with the computer. According to the user's actual listening effect, the cochlear speech processor can be programmed by Nurosound software, so that the user can experience better when using the product. Signal processing unit program can be uploaded and downloaded, the connection status can be displayed through the four blue LED lights.[EN]",http://www.nurotron.com/index_en.aspx,,No,,No,No,No,,,No,Spain,https://ec.europa.eu/tools/eudamed/#/screen/search-device/315863eb-ebd0-4824-adc2-e50ceb584459
28,CN-MF-000013332,"Zhejiang Nurotron Biotechnology Co., Ltd.",06956131903519 / GS1,On the EU Market,J0301: COCHLEAR IMPLANTABLE DEVICES,Programming Cable for Enduro[EN],CP00.0081,Conecte la caja de programación con la unidad de progreso de la señal.[EN],http://www.nurotron.com/index_en.aspx,,No,,No,No,No,,,No,Spain,https://ec.europa.eu/tools/eudamed/#/screen/search-device/46eeeb07-d76c-473d-a091-6886c0634b81
29,CN-MF-000013332,"Zhejiang Nurotron Biotechnology Co., Ltd.",06956131903526 / GS1,On the EU Market,J0301: COCHLEAR IMPLANTABLE DEVICES,Fitting Cable USB[EN],CP00.0079,Conecte la caja de programación con el software Nurosound.[EN],http://www.nurotron.com/index_en.aspx,,No,,No,No,No,,,No,Spain,https://ec.europa.eu/tools/eudamed/#/screen/search-device/05cbae6f-bf4c-4892-8821-d56c27fa07ea
30,CN-MF-000013332,"Zhejiang Nurotron Biotechnology Co., Ltd.",06956131903502 / GS1,On the EU Market,J0301: COCHLEAR IMPLANTABLE DEVICES,Programming Cable for VENUS (NSP-60C)[EN],CP00.0080,Conecte la caja de programación con la unidad de progreso de la señal.[EN],http://www.nurotron.com/index_en.aspx,,No,,No,No,No,,,No,Spain,https://ec.europa.eu/tools/eudamed/#/screen/search-device/823ed8c0-975b-4a02-8b12-ecc974276572
31,CN-MF-000013332,"Zhejiang Nurotron Biotechnology Co., Ltd.",06956131903939 / GS1,On the EU Market,J0301: COCHLEAR IMPLANTABLE DEVICES,Enduro Signal processing unit button assembly[EN],CP02.2148,,http://www.nurotron.com/index_en.aspx,,No,,No,No,No,,,No,Spain,https://ec.europa.eu/tools/eudamed/#/screen/search-device/690e7838-6c65-4610-b299-482cb4267fe1
32,CN-MF-000013332,"Zhejiang Nurotron Biotechnology Co., Ltd.",06956131904028 / GS1,On the EU Market,J0301: COCHLEAR IMPLANTABLE DEVICES,Enduro Waterproof case[EN],CP02.2176,,http://www.nurotron.com/index_en.aspx,,No,,No,No,No,,,No,Spain,https://ec.europa.eu/tools/eudamed/#/screen/search-device/ff03eb5e-5679-4c26-9424-187ca37bc08e
33,CN-MF-000013332,"Zhejiang Nurotron Biotechnology Co., Ltd.",06956131903670 / GS1,On the EU Market,J0301: COCHLEAR IMPLANTABLE DEVICES,Enduro Transmission Wire (28cm)[EN],CP02.2140,Se utiliza para conectar la bobina de transmisión y la unidad de procesamiento de señales.[EN],http://www.nurotron.com/index_en.aspx,,No,,No,No,No,Range of temperatures: between -20℃ and 50℃. | Range of humidity: between 0% and 85%.,CONTRAINDICATIONS: Absolute contraindications: 1) Serious malformation of inner ear. such as Michel deformation or cochlea absence; 2) Auditory nerve absence; 3) Deafness caused by non-cochlea illness; 4) Serious mental disease; 5) Uncured purulent mastoiditis of middle ear. Relative contraindications: 1) Bad physical condition; 2) Uncontrollable epilepsy. | WARNING: Chocking hazard-small parts included in this device. please supervise children under 3 years old during use.,No,Spain,https://ec.europa.eu/tools/eudamed/#/screen/search-device/0bfe7d86-8529-419d-8efa-03745daed29b
34,CN-MF-000013332,"Zhejiang Nurotron Biotechnology Co., Ltd.",06956131903663 / GS1,On the EU Market,J0301: COCHLEAR IMPLANTABLE DEVICES,Enduro Transmission Wire (20cm)[EN],CP02.2139,Se utiliza para conectar la bobina de transmisión y la unidad de procesamiento de señales.[EN],http://www.nurotron.com/index_en.aspx,,No,,No,No,No,Range of temperatures: between -20℃ and 50℃. | Range of humidity: between 0% and 85%.,CONTRAINDICATIONS: Absolute contraindications: 1) Serious malformation of inner ear. such as Michel deformation or cochlea absence; 2) Auditory nerve absence; 3) Deafness caused by non-cochlea illness; 4) Serious mental disease; 5) Uncured purulent mastoiditis of middle ear. Relative contraindications: 1) Bad physical condition; 2) Uncontrollable epilepsy. | WARNING: Chocking hazard-small parts included in this device. please supervise children under 3 years old during use.,No,Spain,https://ec.europa.eu/tools/eudamed/#/screen/search-device/29f96467-fa7e-444e-b4b2-d0fe55d31f1d
35,CN-MF-000013332,"Zhejiang Nurotron Biotechnology Co., Ltd.",06956131903656 / GS1,On the EU Market,J0301: COCHLEAR IMPLANTABLE DEVICES,Enduro Transmission Wire (10cm)[EN],CP02.2138,Se utiliza para conectar la bobina de transmisión y la unidad de procesamiento de señales.[EN],http://www.nurotron.com/index_en.aspx,,No,,No,No,No,Range of temperatures: between -20℃ and 50℃. | Range of humidity: between 0% and 85%.,CONTRAINDICATIONS: Absolute contraindications: 1) Serious malformation of inner ear. such as Michel deformation or cochlea absence; 2) Auditory nerve absence; 3) Deafness caused by non-cochlea illness; 4) Serious mental disease; 5) Uncured purulent mastoiditis of middle ear. Relative contraindications: 1) Bad physical condition; 2) Uncontrollable epilepsy. | WARNING: Chocking hazard-small parts included in this device. please supervise children under 3 years old during use.,No,Spain,https://ec.europa.eu/tools/eudamed/#/screen/search-device/1166a01d-53e0-4ac7-a75e-19ed61a56408
36,CN-MF-000013332,"Zhejiang Nurotron Biotechnology Co., Ltd.",06956131903649 / GS1,On the EU Market,J0301: COCHLEAR IMPLANTABLE DEVICES,Enduro Transmission Wire (8cm)[EN],CP02.2137,Se utiliza para conectar la bobina de transmisión y la unidad de procesamiento de señales.[EN],http://www.nurotron.com/index_en.aspx,,No,,No,No,No,Range of temperatures: between -20℃ and 50℃. | Range of humidity: between 0% and 85%.,CONTRAINDICATIONS: Absolute contraindications: 1) Serious malformation of inner ear. such as Michel deformation or cochlea absence; 2) Auditory nerve absence; 3) Deafness caused by non-cochlea illness; 4) Serious mental disease; 5) Uncured purulent mastoiditis of middle ear. Relative contraindications: 1) Bad physical condition; 2) Uncontrollable epilepsy. | WARNING: Chocking hazard-small parts included in this device. please supervise children under 3 years old during use.,No,Spain,https://ec.europa.eu/tools/eudamed/#/screen/search-device/9f53594b-e9c8-487a-b1c3-2e3cbfb56db8
37,CN-MF-000013332,"Zhejiang Nurotron Biotechnology Co., Ltd.",06956131903632 / GS1,On the EU Market,J0301: COCHLEAR IMPLANTABLE DEVICES,Enduro Transmission Wire (6cm)[EN],CP02.2136,Se utiliza para conectar la bobina de transmisión y la unidad de procesamiento de señales.[EN],http://www.nurotron.com/index_en.aspx,,No,,No,No,No,Range of temperatures: between -20℃ and 50℃. | Range of humidity: between 0% and 85%.,CONTRAINDICATIONS: Absolute contraindications: 1) Serious malformation of inner ear. such as Michel deformation or cochlea absence; 2) Auditory nerve absence; 3) Deafness caused by non-cochlea illness; 4) Serious mental disease; 5) Uncured purulent mastoiditis of middle ear. Relative contraindications: 1) Bad physical condition; 2) Uncontrollable epilepsy. | WARNING: Chocking hazard-small parts included in this device. please supervise children under 3 years old during use.,No,Spain,https://ec.europa.eu/tools/eudamed/#/screen/search-device/c72ee1a9-eedc-4612-b3c0-705053ce15f9
38,CN-MF-000013332,"Zhejiang Nurotron Biotechnology Co., Ltd.",06956131903861 / GS1,On the EU Market,J0301: COCHLEAR IMPLANTABLE DEVICES,Enduro Earhook[EN],CP02.2147,"El imán externo es atraído por el imán de la bobina receptora del implante a través del cuero cabelludo, para asegurar la correcta conexión entre el implante y la bobina de transmisión.[EN]",http://www.nurotron.com/index_en.aspx,,No,,No,No,No,Range of temperatures: between -20℃ and 50℃. | Range of humidity: between 0% and 85%.,CONTRAINDICATIONS: Absolute contraindications: 1) Serious malformation of inner ear. such as Michel deformation or cochlea absence; 2) Auditory nerve absence; 3) Deafness caused by non-cochlea illness; 4) Serious mental disease; 5) Uncured purulent mastoiditis of middle ear. Relative contraindications: 1) Bad physical condition; 2) Uncontrollable epilepsy. | WARNING: The Enduro speech processor contains small parts that may cause choking if swallowed or ingested. Please  supervise children under 3 years old during use.,No,Spain,https://ec.europa.eu/tools/eudamed/#/screen/search-device/8a7f5cf1-15e2-45e0-927a-5e4ef8c9f4fe
39,CN-MF-000013332,"Zhejiang Nurotron Biotechnology Co., Ltd.",06956131903816 / GS1,On the EU Market,J0301: COCHLEAR IMPLANTABLE DEVICES,Enduro External Magnet (8#)[EN],CP02.2127,"El imán externo es atraído por el imán de la bobina receptora del implante a través del cuero cabelludo, para asegurar la correcta conexión entre el implante y la bobina de transmisión.[EN]",http://www.nurotron.com/index_en.aspx,,No,,No,No,No,Range of temperatures: between -20℃ and 50℃. | Range of humidity: between 0% and 85%.,CONTRAINDICATIONS: Absolute contraindications: 1) Serious malformation of inner ear. such as Michel deformation or cochlea absence; 2) Auditory nerve absence; 3) Deafness caused by non-cochlea illness; 4) Serious mental disease; 5) Uncured purulent mastoiditis of middle ear. Relative contraindications: 1) Bad physical condition; 2) Uncontrollable epilepsy. | WARNING: The Enduro speech processor contains small parts that may cause choking if swallowed or ingested. Please  supervise children under 3 years old during use.,No,Spain,https://ec.europa.eu/tools/eudamed/#/screen/search-device/8e2d73b4-f135-4f04-8e0b-ebb4cc44a1a4
40,CN-MF-000013332,"Zhejiang Nurotron Biotechnology Co., Ltd.",06956131903809 / GS1,On the EU Market,J0301: COCHLEAR IMPLANTABLE DEVICES,Enduro External Magnet (6#)[EN],CP02.2126,"El imán externo es atraído por el imán de la bobina receptora del implante a través del cuero cabelludo, para asegurar la correcta conexión entre el implante y la bobina de transmisión.[EN]",http://www.nurotron.com/index_en.aspx,,No,,No,No,No,Range of temperatures: between -20℃ and 50℃. | Range of humidity: between 0% and 85%.,CONTRAINDICATIONS: Absolute contraindications: 1) Serious malformation of inner ear. such as Michel deformation or cochlea absence; 2) Auditory nerve absence; 3) Deafness caused by non-cochlea illness; 4) Serious mental disease; 5) Uncured purulent mastoiditis of middle ear. Relative contraindications: 1) Bad physical condition; 2) Uncontrollable epilepsy. | WARNING: The Enduro speech processor contains small parts that may cause choking if swallowed or ingested. Please  supervise children under 3 years old during use.,No,Spain,https://ec.europa.eu/tools/eudamed/#/screen/search-device/ae41f782-d869-4562-8776-dd08d66839ba
41,CN-MF-000013332,"Zhejiang Nurotron Biotechnology Co., Ltd.",06956131903793 / GS1,On the EU Market,J0301: COCHLEAR IMPLANTABLE DEVICES,Enduro External Magnet (5#)[EN],CP02.2125,"El imán externo es atraído por el imán de la bobina receptora del implante a través del cuero cabelludo, para asegurar la correcta conexión entre el implante y la bobina de transmisión.[EN]",http://www.nurotron.com/index_en.aspx,,No,,No,No,No,Range of temperatures: between -20℃ and 50℃. | Range of humidity: between 0% and 85%.,CONTRAINDICATIONS: Absolute contraindications: 1) Serious malformation of inner ear. such as Michel deformation or cochlea absence; 2) Auditory nerve absence; 3) Deafness caused by non-cochlea illness; 4) Serious mental disease; 5) Uncured purulent mastoiditis of middle ear. Relative contraindications: 1) Bad physical condition; 2) Uncontrollable epilepsy. | WARNING: The Enduro speech processor contains small parts that may cause choking if swallowed or ingested. Please  supervise children under 3 years old during use.,No,Spain,https://ec.europa.eu/tools/eudamed/#/screen/search-device/3d6f5dbb-5d94-4cf2-baf3-493df5a6378a
42,CN-MF-000013332,"Zhejiang Nurotron Biotechnology Co., Ltd.",06956131903786 / GS1,On the EU Market,J0301: COCHLEAR IMPLANTABLE DEVICES,Enduro External Magnet (4#)[EN],CP02.2124,"El imán externo es atraído por el imán de la bobina receptora del implante a través del cuero cabelludo, para asegurar la correcta conexión entre el implante y la bobina de transmisión.[EN]",http://www.nurotron.com/index_en.aspx,,No,,No,No,No,Range of temperatures: between -20℃ and 50℃. | Range of humidity: between 0% and 85%.,CONTRAINDICATIONS: Absolute contraindications: 1) Serious malformation of inner ear. such as Michel deformation or cochlea absence; 2) Auditory nerve absence; 3) Deafness caused by non-cochlea illness; 4) Serious mental disease; 5) Uncured purulent mastoiditis of middle ear. Relative contraindications: 1) Bad physical condition; 2) Uncontrollable epilepsy. | WARNING: The Enduro speech processor contains small parts that may cause choking if swallowed or ingested. Please  supervise children under 3 years old during use.,No,Spain,https://ec.europa.eu/tools/eudamed/#/screen/search-device/a0c71251-7e9c-4386-bf7e-ce36a34632a1
43,CN-MF-000013332,"Zhejiang Nurotron Biotechnology Co., Ltd.",06956131903779 / GS1,On the EU Market,J0301: COCHLEAR IMPLANTABLE DEVICES,Enduro External Magnet (3#)[EN],CP02.2123,"El imán externo es atraído por el imán de la bobina receptora del implante a través del cuero cabelludo, para asegurar la correcta conexión entre el implante y la bobina de transmisión.[EN]",http://www.nurotron.com/index_en.aspx,,No,,No,No,No,Range of temperatures: between -20℃ and 50℃. | Range of humidity: between 0% and 85%.,WARNING: The Enduro speech processor contains small parts that may cause choking if swallowed or ingested. Please  supervise children under 3 years old during use. | CONTRAINDICATIONS: Absolute contraindications: 1) Serious malformation of inner ear. such as Michel deformation or cochlea absence; 2) Auditory nerve absence; 3) Deafness caused by non-cochlea illness; 4) Serious mental disease; 5) Uncured purulent mastoiditis of middle ear. Relative contraindications: 1) Bad physical condition; 2) Uncontrollable epilepsy.,No,Spain,https://ec.europa.eu/tools/eudamed/#/screen/search-device/f06a94e8-8ece-4726-9202-9d56c7a816a2
44,CN-MF-000013332,"Zhejiang Nurotron Biotechnology Co., Ltd.",06956131903762 / GS1,On the EU Market,J0301: COCHLEAR IMPLANTABLE DEVICES,Enduro External Magnet (2#)[EN],CP02.2122,"El imán externo es atraído por el imán de la bobina receptora del implante a través del cuero cabelludo, para asegurar la correcta conexión entre el implante y la bobina de transmisión.[EN]",http://www.nurotron.com/index_en.aspx,,No,,No,No,No,Range of temperatures: between -20℃ and 50℃. | Range of humidity: between 0% and 85%.,CONTRAINDICATIONS: Absolute contraindications: 1) Serious malformation of inner ear. such as Michel deformation or cochlea absence; 2) Auditory nerve absence; 3) Deafness caused by non-cochlea illness; 4) Serious mental disease; 5) Uncured purulent mastoiditis of middle ear. Relative contraindications: 1) Bad physical condition; 2) Uncontrollable epilepsy. | WARNING: The Enduro speech processor contains small parts that may cause choking if swallowed or ingested. Please  supervise children under 3 years old during use,No,Spain,https://ec.europa.eu/tools/eudamed/#/screen/search-device/99ccca11-9b98-4c88-8303-d2b457d33d8f
45,CN-MF-000013332,"Zhejiang Nurotron Biotechnology Co., Ltd.",06956131903755 / GS1,On the EU Market,J0301: COCHLEAR IMPLANTABLE DEVICES,Enduro External Magnet (1#)[EN],CP02.2121,"El imán externo es atraído por el imán de la bobina receptora del implante a través del cuero cabelludo, para asegurar la correcta conexión entre el implante y la bobina de transmisión.[EN]",http://www.nurotron.com/index_en.aspx,,No,,No,No,No,Range of temperatures: between -20℃ and 50℃. | Range of humidity: between 0% and 85%.,CONTRAINDICATIONS: Absolute contraindications: 1) Serious malformation of inner ear. such as Michel deformation or cochlea absence; 2) Auditory nerve absence; 3) Deafness caused by non-cochlea illness; 4) Serious mental disease; 5) Uncured purulent mastoiditis of middle ear. Relative contraindications: 1) Bad physical condition; 2) Uncontrollable epilepsy. | WARNING: The Enduro speech processor contains small parts that may cause choking if swallowed or ingested. Please  supervise children under 3 years old during use.,No,Spain,https://ec.europa.eu/tools/eudamed/#/screen/search-device/867118c9-eb3a-4dc2-b0e0-301701d6f187
46,CN-MF-000013332,"Zhejiang Nurotron Biotechnology Co., Ltd.",06956131903878 / GS1,On the EU Market,J0301: COCHLEAR IMPLANTABLE DEVICES,Enduro Remote Control[EN],CP02.2145,"El modelo de mando a distancia es Touch Free, y el mando a distancia es el equipo de alimentación interna, sin piezas de aplicación. El mando a distancia combinado con la unidad de procesamiento de señales de la serie Enduro puede lograr las siguientes funciones:
-Función de control de operaciones: Se puede emparejar con la unidad de procesamiento de señales específica. Una vez emparejado con éxito, opera la unidad de procesamiento, incluyendo el ajuste del volumen, la selección del modo de programa y entrada, la selección del modo, la entrada en el modo de suspensión, etc.
-Muestra el estado de funcionamiento de la unidad de procesamiento de señales: volumen, programa, energía de la batería del BTE y energía de la batería del mando a distancia, y muestra otra información relacionada en la pantalla LED.
-Muestra el estado de funcionamiento del implante: Comprobar la conexión entre la unidad de procesamiento y el implante. [EN]",http://www.nurotron.com/index_en.aspx,,No,,No,No,No,Range of temperatures: between -20℃ and 50℃. | Range of humidity: between 0% and 85%.,CONTRAINDICATIONS: Absolute contraindications: 1) Serious malformation of inner ear. such as Michel deformation or cochlea absence; 2) Auditory nerve absence; 3) Deafness caused by non-cochlea illness; 4) Serious mental disease; 5) Uncured purulent mastoiditis of middle ear. Relative contraindications: 1) Bad physical condition; 2) Uncontrollable epilepsy. | STORAGE WARNING: When the speech processor is not used. please disconnect the connection between the speech processor and battery. and wipe the speech processor. transmission wire. transmission coil and remote controller with clean cloth; please put the speech processor and remote controller into the special electronic dryer or other seal boxes with drying agents. The humid environment may cause the circuit failure of the speech processor & remote controller. so that the normal operation cannot be achieved. If the remote controller is not  used for a long time. please turn off the remote controller. As the remote controller adopts the built-in lithium  ion battery. it is required to carry out charging for it at regular intervals. to keep the battery active (the recommended charging frequency is once every 7-10 days).,No,Spain,https://ec.europa.eu/tools/eudamed/#/screen/search-device/c3b0373f-925d-40b3-9d4b-348e471e66d1
47,CN-MF-000013332,"Zhejiang Nurotron Biotechnology Co., Ltd.",06956131903922 / GS1,On the EU Market,J0301: COCHLEAR IMPLANTABLE DEVICES,Enduro Charging Stand[EN],CP02.2130,Cargue la batería BTE. [EN],http://www.nurotron.com/index_en.aspx,,No,,No,No,No,Range of temperatures: between -20℃ and 50℃. | Range of humidity: between 0% and 85%.,CONTRAINDICATIONS: Absolute contraindications: 1) Serious malformation of inner ear. such as Michel deformation or cochlea absence; 2) Auditory nerve absence; 3) Deafness caused by non-cochlea illness; 4) Serious mental disease; 5) Uncured purulent mastoiditis of middle ear. Relative contraindications: 1) Bad physical condition; 2) Uncontrollable epilepsy.,No,Spain,https://ec.europa.eu/tools/eudamed/#/screen/search-device/0075041c-0317-4232-b4bf-83b77c92ebfb
48,CN-MF-000013332,"Zhejiang Nurotron Biotechnology Co., Ltd.",06956131903618 / GS1,On the EU Market,J0301: COCHLEAR IMPLANTABLE DEVICES,Enduro Transmission Coil[EN],CP02.2134,Se utiliza principalmente para transmitir y recibir señales de radiofrecuencia.[EN],http://www.nurotron.com/index_en.aspx,,No,,No,No,No,Range of temperatures: between -20℃ and 50℃. | Range of humidity: between 0% and 85%.,CONTRAINDICATIONS: Absolute contraindications: 1) Serious malformation of inner ear. such as Michel deformation or cochlea absence; 2) Auditory nerve absence; 3) Deafness caused by non-cochlea illness; 4) Serious mental disease; 5) Uncured purulent mastoiditis of middle ear. Relative contraindications: 1) Bad physical condition; 2) Uncontrollable epilepsy. | WARNING: Chocking hazard-small parts included in this device. please supervise children under 3 years old during  use.,No,Spain,https://ec.europa.eu/tools/eudamed/#/screen/search-device/ca35ed90-6c3a-4204-bf67-54d02b196eaf
49,CN-MF-000013332,"Zhejiang Nurotron Biotechnology Co., Ltd.",06956131903908 / GS1,On the EU Market,J0301: COCHLEAR IMPLANTABLE DEVICES,Enduro Rechargeable BTE Battery[EN],CP02.2132,"Cochlear implant speech processor is powered by the BTE battery, and adopts the rechargeable lithium battery cell. Battery cycle life is at least 300 times.
BTE battery contains 210mAh lithium ion cell. When the battery is fully charged, the normal service time is 
6-10 hours.[EN]",http://www.nurotron.com/index_en.aspx,,No,,No,No,No,Range of temperatures: between -20℃ and 50℃. | Range of humidity: between 0% and 85%.,CONTRAINDICATIONS: Absolute contraindications: 1) Serious malformation of inner ear. such as Michel deformation or cochlea absence; 2) Auditory nerve absence; 3) Deafness caused by non-cochlea illness; 4) Serious mental disease; 5) Uncured purulent mastoiditis of middle ear. Relative contraindications: 1) Bad physical condition; 2) Uncontrollable epilepsy.,No,Spain,https://ec.europa.eu/tools/eudamed/#/screen/search-device/35e8d915-39d8-4767-a271-4718a21a38e6
50,CN-MF-000013332,"Zhejiang Nurotron Biotechnology Co., Ltd.",06956131903489 / GS1,On the EU Market,J0301: COCHLEAR IMPLANTABLE DEVICES,Enduro Signal Processing Unit[EN],CP02.2131,Collect sound singnals and carries out encoding for processed sound signals.[EN],http://www.nurotron.com/index_en.aspx,,No,,No,No,No,Range of temperatures: between -20℃ and 50℃. | Range of humidity: between 0% and 85%.,STORAGE WARNING: When the speech processor is not used. please disconnect the connection between the speech processor and battery. and wipe the speech processor. transmission wire. transmission coil and remote controller with clean cloth; please put the speech processor and remote controller into the special electronic dryer or other seal boxes with drying agents. The humid environment may cause the circuit failure of the speech processor & remote controller. so that the normal operation cannot be achieved. If the speech processor is not used for a long time. please disconnect the connection between the speech  processor and battery and put the speech processor into the sealed plastic bag. | CONTRAINDICATIONS: Absolute contraindications: 1) Serious malformation of inner ear. such as Michel deformation or cochlea absence; 2) Auditory nerve absence; 3) Deafness caused by non-cochlea illness; 4) Serious mental disease; 5) Uncured purulent mastoiditis of middle ear. Relative contraindications: 1) Bad physical condition; 2) Uncontrollable epilepsy.,No,Spain,https://ec.europa.eu/tools/eudamed/#/screen/search-device/bfd282fc-8038-4ae9-9d6c-e45f278ea738
51,CN-MF-000013332,"Zhejiang Nurotron Biotechnology Co., Ltd.",06956131902086 / GS1,On the EU Market,J0301: COCHLEAR IMPLANTABLE DEVICES,Medical Tape[EN],CP00.0067,Se utiliza para fijar la venda elástica y la placa de plástico.[EN],http://www.nurotron.com/index_en.aspx,,No,,No,No,No,,,No,Spain,https://ec.europa.eu/tools/eudamed/#/screen/search-device/1fa21309-ef5f-4e06-81b2-1890eed9039f
52,CN-MF-000013332,"Zhejiang Nurotron Biotechnology Co., Ltd.",06956131903281 / GS1,On the EU Market,J0301: COCHLEAR IMPLANTABLE DEVICES,Elastic Bandage[EN],CP00.0065,Se utiliza para sujetar la placa de plástico. Se recomienda una anchura superior a 10 cm.[EN],http://www.nurotron.com/index_en.aspx,,No,,No,No,No,,,No,Spain,https://ec.europa.eu/tools/eudamed/#/screen/search-device/5a881ce5-0cad-4db2-a97c-1579e1c95b18
53,CN-MF-000013332,"Zhejiang Nurotron Biotechnology Co., Ltd.",06956131903267 / GS1,On the EU Market,J0301: COCHLEAR IMPLANTABLE DEVICES,Plastic Card[EN],CP00.0066,Se utiliza para presionar el imán del implante.[EN],http://www.nurotron.com/index_en.aspx,,No,,No,No,No,,,No,Spain,https://ec.europa.eu/tools/eudamed/#/screen/search-device/067e7bf9-ed7e-4bec-b523-397024489791
54,CN-MF-000013332,"Zhejiang Nurotron Biotechnology Co., Ltd.",06956131903182 / GS1,On the EU Market,J0301: COCHLEAR IMPLANTABLE DEVICES,Implant magnet[EN],CP01.0017,El sistema de implante coclear Nurotron está destinado a restablecer las sensaciones auditivas mediante la estimulación eléctrica del nervio auditivo en pacientes a partir de los 12 meses de edad a los que se les ha diagnosticado una pérdida auditiva neurosensorial de severa a profunda.[EN],http://www.nurotron.com/index_en.aspx,,Yes,1,Yes,Yes,No,Range of temperatures: between 0℃ and 43℃. | Range of humidity: between 15% and 75%.,CONTRAINDICATIONS: Absolute contraindications: 1) Serious malformation of inner ear. such as Michel deformation or cochlea absence; 2) Auditory nerve absence; 3) Deafness caused by non-cochlea illness; 4) Serious mental disease; 5) Uncured purulent mastoiditis of middle ear. Relative contraindications: 1) Bad physical condition; 2) Uncontrollable epilepsy. | OTHER PRECAUTIONS: 1) Implant can not be reconstructed for other use. 2) Expected service performance of cochlea can not be precisely estimated. Patient and his/her family shall have a practical expectation upon the effect of cochlea. 3) Always ensure asepsis of implant. 4) Make sure no falling of implant on hard objects. 5) Mechanical damages may result in implant failure. such as due to bump on head or other technical failure of electronic device or implant. In case of any technical failure. re-implantation is necessary. 6) Before implantation surgery. patients are suggested taking fitting test of hearing aid. Patients suffering deafness caused by infectious diseases (such as meningitis) are advised to take cochlear implantation immediately. To achieve the best. patients who are ready to take cochlear implantation and their families shall be highly enthusiastic about cochlear implantation and hold a suitable expectation. Meanwhile. they shall understand the importance of periodic fitting of speech processor programs. evaluation and speech therapy.,Yes,Spain,https://ec.europa.eu/tools/eudamed/#/screen/search-device/5a7cd8e7-f9a8-47f4-b7ec-1ea9eeeba367
55,CN-MF-000013332,"Zhejiang Nurotron Biotechnology Co., Ltd.",06956131904035 / GS1,On the EU Market,J0301: COCHLEAR IMPLANTABLE DEVICES,Sterile non-magnetic metal plug[EN],CP00.0063,El sistema de implante coclear Nurotron está destinado a restablecer las sensaciones auditivas mediante la estimulación eléctrica del nervio auditivo en pacientes a partir de los 12 meses de edad a los que se les ha diagnosticado una pérdida auditiva neurosensorial de severa a profunda.[EN],http://www.nurotron.com/index_en.aspx,,Yes,1,Yes,Yes,No,Range of temperatures: between -20℃ and 50℃. | Range of humidity: between 0% and 85%.,CONTRAINDICATIONS: Absolute contraindications: 1) Serious malformation of inner ear. such as Michel deformation or cochlea absence; 2) Auditory nerve absence; 3) Deafness caused by non-cochlea illness; 4) Serious mental disease; 5) Uncured purulent mastoiditis of middle ear Relative contraindications 1) Bad physical condition; 2) Uncontrollable epilepsy. | STORAGE WARNING: If chemical desiccant is used. keep it out of children's reach. Do not connect to other equipment and accessories other than those provided by Nurotron. Do not modify this equipment without Nurotron’s authorization. Do not replace the components  of this equipment without technicians. which may cause equipment unable to use. Do not connect your processor with others’ implant users.,No,Spain,https://ec.europa.eu/tools/eudamed/#/screen/search-device/824ec1f6-3075-4367-8426-ac5e6f94791e
56,CN-MF-000013332,"Zhejiang Nurotron Biotechnology Co., Ltd.",06956131901577 / GS1,On the EU Market,J0301: COCHLEAR IMPLANTABLE DEVICES,COCHLEAR IMPLANT CS-10A (TL)[EN],CP01.0020,El sistema de implante coclear Nurotron está destinado a restablecer las sensaciones auditivas mediante la estimulación eléctrica del nervio auditivo en pacientes a partir de los 12 meses de edad a los que se les ha diagnosticado una pérdida auditiva neurosensorial de severa a profunda.[EN],http://www.nurotron.com/index_en.aspx,,Yes,1,Yes,Yes,No,Range of temperatures: between 0℃ and 43℃. | Range of humidity: between 15% and 75%.,CONTRAINDICATIONS: Absolute contraindications: 1) Serious malformation of inner ear. such as Michel deformation or cochlea absence; 2) Auditory nerve absence; 3) Deafness caused by non-cochlea illness; 4) Serious mental disease; 5) Uncured purulent mastoiditis of middle ear. Relative contraindications: 1) Bad physical condition; 2) Uncontrollable epilepsy. | OTHER PRECAUTIONS: 1) Implant can not be reconstructed for other use. 2) Expected service performance of cochlea can not be precisely estimated. Patient and his/her family shall have a practical expectation upon the effect of cochlea. 3) Always ensure asepsis of implant. 4) Make sure no falling of implant on hard objects. 5) Mechanical damages may result in implant failure. such as due to bump on head or other technical failure of electronic device or implant. In case of any technical failure. re-implantation is necessary. 6) Before implantation surgery. patients are suggested taking fitting test of hearing aid. Patients suffering deafness caused by infectious diseases (such as meningitis) are advised to take cochlear implantation immediately. To achieve the best. patients who are ready to take cochlear implantation and their families shall be highly enthusiastic about cochlear implantation and hold a suitable expectation. Meanwhile. they shall understand the importance of periodic fitting of speech processor programs. evaluation and speech therapy.,Yes,Spain,https://ec.europa.eu/tools/eudamed/#/screen/search-device/3b90d194-bb11-4d9d-a2f2-d2280b9e2430
57,CN-MF-000013332,"Zhejiang Nurotron Biotechnology Co., Ltd.",06956131901638 / GS1,On the EU Market,J0301: COCHLEAR IMPLANTABLE DEVICES,COCHLEAR IMPLANT CS-10A (TM)[EN],CP01.0019,El sistema de implante coclear Nurotron está destinado a restablecer las sensaciones auditivas mediante la estimulación eléctrica del nervio auditivo en pacientes a partir de los 12 meses de edad a los que se les ha diagnosticado una pérdida auditiva neurosensorial de severa a profunda.[EN],http://www.nurotron.com/index_en.aspx,,Yes,1,Yes,Yes,No,Range of temperatures: between 0℃ and 43℃. | Range of humidity: between 15% and 75%.,CONTRAINDICATIONS: Absolute contraindications: 1) Serious malformation of inner ear. such as Michel deformation or cochlea absence; 2) Auditory nerve absence; 3) Deafness caused by non-cochlea illness; 4) Serious mental disease; 5) Uncured purulent mastoiditis of middle ear. Relative contraindications: 1) Bad physical condition; 2) Uncontrollable epilepsy. | OTHER PRECAUTIONS: 1) Implant can not be reconstructed for other use. 2) Expected service performance of cochlea can not be precisely estimated. Patient and his/her family shall have a practical expectation upon the effect of cochlea. 3) Always ensure asepsis of implant. 4) Make sure no falling of implant on hard objects. 5) Mechanical damages may result in implant failure. such as due to bump on head or other technical failure of electronic device or implant. In case of any technical failure. re-implantation is necessary. 6) Before implantation surgery. patients are suggested taking fitting test of hearing aid. Patients suffering deafness caused by infectious diseases (such as meningitis) are advised to take cochlear implantation immediately. To achieve the best. patients who are ready to take cochlear implantation and their families shall be highly enthusiastic about cochlear implantation and hold a suitable expectation. Meanwhile. they shall understand the importance of periodic fitting of speech processor programs. evaluation and speech therapy.,Yes,Spain,https://ec.europa.eu/tools/eudamed/#/screen/search-device/74a7410c-b8bb-4be0-bf83-da23df2e1ab3
58,CN-MF-000013332,"Zhejiang Nurotron Biotechnology Co., Ltd.",06956131901560 / GS1,On the EU Market,J0301: COCHLEAR IMPLANTABLE DEVICES,COCHLEAR IMPLANT CS-10A (TS)[EN],P01.0018,El sistema de implante coclear Nurotron está destinado a restablecer las sensaciones auditivas mediante la estimulación eléctrica del nervio auditivo en pacientes a partir de los 12 meses de edad a los que se les ha diagnosticado una pérdida auditiva neurosensorial de severa a profunda.[EN],http://www.nurotron.com/index_en.aspx,,Yes,1,Yes,Yes,No,Range of temperatures: between 0℃ and 43℃. | Range of humidity: between 15% and 75%.,CONTRAINDICATIONS: Absolute contraindications: 1) Serious malformation of inner ear. such as Michel deformation or cochlea absence; 2) Auditory nerve absence; 3) Deafness caused by non-cochlea illness; 4) Serious mental disease; 5) Uncured purulent mastoiditis of middle ear. Relative contraindications: 1) Bad physical condition; 2) Uncontrollable epilepsy. | OTHER PRECAUTIONS: 1) Implant can not be reconstructed for other use. 2) Expected service performance of cochlea can not be precisely estimated. Patient and his/her family shall have a practical expectation upon the effect of cochlea. 3) Always ensure asepsis of implant. 4) Make sure no falling of implant on hard objects. 5) Mechanical damages may result in implant failure. such as due to bump on head or other technical failure of electronic device or implant. In case of any technical failure. re-implantation is necessary. 6) Before implantation surgery. patients are suggested taking fitting test of hearing aid. Patients suffering deafness caused by infectious diseases (such as meningitis) are advised to take cochlear implantation immediately. To achieve the best. patients who are ready to take cochlear implantation and their families shall be highly enthusiastic about cochlear implantation and hold a suitable expectation. Meanwhile. they shall understand the importance of periodic fitting of speech processor programs. evaluation and speech therapy.,Yes,Spain,https://ec.europa.eu/tools/eudamed/#/screen/search-device/f1051a98-388b-463f-b122-7b5c0930c3d2
59,CN-MF-000013332,"Zhejiang Nurotron Biotechnology Co., Ltd.",06956131901584 / GS1,On the EU Market,J0301: COCHLEAR IMPLANTABLE DEVICES,COCHLEAR IMPLANT CS-10A (SD)[EN],CP01.0016,El sistema de implante coclear Nurotron está destinado a restablecer las sensaciones auditivas mediante la estimulación eléctrica del nervio auditivo en pacientes a partir de los 12 meses de edad a los que se les ha diagnosticado una pérdida auditiva neurosensorial de severa a profunda. [EN],http://www.nurotron.com/index_en.aspx,,Yes,1,Yes,Yes,No,Range of temperatures: between 0℃ and 43℃. | Range of humidity: between 15% and 75%.,CONTRAINDICATIONS: Absolute contraindications: 1) Serious malformation of inner ear. such as Michel deformation or cochlea absence; 2) Auditory nerve absence; 3) Deafness caused by non-cochlea illness; 4) Serious mental disease; 5) Uncured purulent mastoiditis of middle ear. Relative contraindications: 1) Bad physical condition; 2) Uncontrollable epilepsy. | OTHER PRECAUTIONS: 1) Implant can not be reconstructed for other use. 2) Expected service performance of cochlea can not be precisely estimated. Patient and his/her family shall have a practical expectation upon the effect of cochlea. 3) Always ensure asepsis of implant. 4) Make sure no falling of implant on hard objects. 5) Mechanical damages may result in implant failure. such as due to bump on head or other technical failure of electronic device or implant. In case of any technical failure. re-implantation is necessary. 6) Before implantation surgery. patients are suggested taking fitting test of hearing aid. Patients suffering deafness caused by infectious diseases (such as meningitis) are advised to take cochlear implantation immediately. To achieve the best. patients who are ready to take cochlear implantation and their families shall be highly enthusiastic about cochlear implantation and hold a suitable expectation. Meanwhile. they shall understand the importance of periodic fitting of speech processor programs. evaluation and speech therapy.,Yes,Spain,https://ec.europa.eu/tools/eudamed/#/screen/search-device/e9843efa-a5df-4d3b-aaed-5f8ccf31a5b8
60,IE-MF-000017550,Mainstay Medical Limited,05391527772033 / GS1,On the EU Market,J0210: PERIPHERAL NERVE IMPLANTABLE NEUROSTIMULATORS AND PAIN THERAPY LEADS,ReActiv8[EN],8145/8165,ReActiv8 Lead[EN],,,Yes,1,No,Yes,No,,,No,Ireland,https://ec.europa.eu/tools/eudamed/#/screen/search-device/dedff652-9fa9-4892-9e93-7f310ee705a5
61,IE-MF-000017550,Mainstay Medical Limited,05391527770015 / GS1,On the EU Market,J0210: PERIPHERAL NERVE IMPLANTABLE NEUROSTIMULATORS AND PAIN THERAPY LEADS,ReActiv8[EN],5100,ReActiv8 IPG[EN],,,Yes,1,No,Yes,No,5 degree to 30 degree,,No,Ireland,https://ec.europa.eu/tools/eudamed/#/screen/search-device/e9c2bb59-b840-41a6-b5a5-ffa8c2bf0a9e
62,FI-MF-000015061,Atrotech Oy,D-2112095166 / EUDAMED,On the EU Market,J0206: FRENIC NERVE IMPLANTABLE NEUROSTIMULATORS,Atrostim PNS[EN],na,Atrostim Phrenic Nerve Stimulator[EN],,,Yes,1,Yes,Yes,No,,,No,Finland,https://ec.europa.eu/tools/eudamed/#/screen/search-device/9d45b250-1a5f-4bef-9717-0eaa3b88b727
63,CH-MF-000015804,Aleva Neurotherapeutics SA,07640183760136 / GS1,On the EU Market,J020180: CEREBRAL IMPLANTABLE NEUROSTIMULATORS - ACCESSORIES,directSTIM Port Plug[EN],12050,,,,Yes,1,No,Yes,No,,,No,Germany,https://ec.europa.eu/tools/eudamed/#/screen/search-device/fdca2793-c2cd-48a7-87c5-df427be17dfe
64,CH-MF-000015804,Aleva Neurotherapeutics SA,07640183760129 / GS1,On the EU Market,J020780: NEUROSTIMULATORS PROGRAMMERS - HARDWARE ACCESSORIES,directSTIM Power Cord[EN],12340,,,,No,,No,No,No,,,No,Germany,https://ec.europa.eu/tools/eudamed/#/screen/search-device/c6590dc3-1f7c-42f1-8ec0-51faa88fd84c
65,CH-MF-000015804,Aleva Neurotherapeutics SA,07640183760112 / GS1,On the EU Market,J020780: NEUROSTIMULATORS PROGRAMMERS - HARDWARE ACCESSORIES,directSTIM Adjustable Harness[EN],12320,,,,No,,No,No,No,,,No,Germany,https://ec.europa.eu/tools/eudamed/#/screen/search-device/526f7143-c4d3-4f54-93d0-eafba2650a2d
66,CH-MF-000015804,Aleva Neurotherapeutics SA,07640183760105 / GS1,On the EU Market,J020780: NEUROSTIMULATORS PROGRAMMERS - HARDWARE ACCESSORIES,directSTIM Charging Paddle [EN],12310,,,,No,,No,No,No,,,No,Germany,https://ec.europa.eu/tools/eudamed/#/screen/search-device/ec707796-8ef5-4885-be6a-85b03fe93e59
67,CH-MF-000015804,Aleva Neurotherapeutics SA,07640183760099 / GS1,On the EU Market,J020780: NEUROSTIMULATORS PROGRAMMERS - HARDWARE ACCESSORIES,directSTIM Magnet[EN],12700,,,,No,,No,No,No,can be safely exposed to temperatures from -35°C to 55°C,,No,Germany,https://ec.europa.eu/tools/eudamed/#/screen/search-device/0005d51b-d098-44bb-888c-8fe37b61c9cd
68,CH-MF-000015804,Aleva Neurotherapeutics SA,07640183760082 / GS1,On the EU Market,J020780: NEUROSTIMULATORS PROGRAMMERS - HARDWARE ACCESSORIES,directSTIM Tunneling Tool[EN],12500,,,,Yes,1,Yes,Yes,No,,,No,Germany,https://ec.europa.eu/tools/eudamed/#/screen/search-device/708da003-11ec-4dae-b885-263a6d220605
69,CH-MF-000015804,Aleva Neurotherapeutics SA,07640183760075 / GS1,On the EU Market,J020780: NEUROSTIMULATORS PROGRAMMERS - HARDWARE ACCESSORIES,directSTIM Trial Cable[EN],12500,,,,Yes,1,Yes,Yes,No,,,No,Germany,https://ec.europa.eu/tools/eudamed/#/screen/search-device/2bb44a3a-0e29-49f1-b465-46a828f97a62
70,CH-MF-000015804,Aleva Neurotherapeutics SA,07640183760068 / GS1,On the EU Market,J020199: CEREBRAL IMPLANTABLE NEUROSTIMULATORS - OTHER,directSTIM External Pulse Generator[EN],12400,,,,No,,No,No,No,,,No,Germany,https://ec.europa.eu/tools/eudamed/#/screen/search-device/1a23e236-8209-4194-b64a-e2dbd498d5e5
71,CH-MF-000015804,Aleva Neurotherapeutics SA,07640183760051 / GS1,On the EU Market,J020701: NEUROSTIMULATORS PROGRAMMERS  ,directSTIM Patient Programmer Charger kit[EN],12400,,,,No,,No,No,No,,,No,Germany,https://ec.europa.eu/tools/eudamed/#/screen/search-device/d2d3762f-574e-42f2-943f-4422a151bf28
72,CH-MF-000015804,Aleva Neurotherapeutics SA,07640183760044 / GS1,On the EU Market,J020701: NEUROSTIMULATORS PROGRAMMERS  ,directSTIM Clinician Programmer [EN],12200,,,,No,,No,No,No,,,No,Germany,https://ec.europa.eu/tools/eudamed/#/screen/search-device/c60cd30e-10d4-4d0e-aaf2-619e7926110f
73,CH-MF-000015804,Aleva Neurotherapeutics SA,07640183760037 / GS1,On the EU Market,J020102: DEEP BRAIN STIMULATION (DBS) LEADS,directSTIM 12-connector extension[DE],12100,,,,Yes,1,Yes,Yes,No,,,No,Germany,https://ec.europa.eu/tools/eudamed/#/screen/search-device/ef8fbcce-37b8-4a6f-8b7a-59e91a66fa25
74,CH-MF-000015804,Aleva Neurotherapeutics SA,07640183760020 / GS1,On the EU Market,"J02010101: DEEP BRAIN STIMULATION (DBS) IMPLANTABLE NEUROSTIMULATORS, RECHARGEABLE",directSTIM 24-channel Implantable Pulse Generator[EN],12000,,,,Yes,1,Yes,Yes,No,,,No,Germany,https://ec.europa.eu/tools/eudamed/#/screen/search-device/be5a6beb-b209-469a-956a-295953f2340d
75,CH-MF-000015804,Aleva Neurotherapeutics SA,07640183760013 / GS1,On the EU Market,J020102: DEEP BRAIN STIMULATION (DBS) LEADS,directSTIM 12-electrode lead[EN],11500,The directSTIM lead is an implantable component of the directSTIM DBS System. The direcSTIM lead connects to the IPG through an extension. The directSTIM lead runs subcutaneously from the parietal bone up to the frontal area of the skull where it enters into the brain up to the target area.[EN],,,Yes,1,Yes,Yes,No,,,No,Germany,https://ec.europa.eu/tools/eudamed/#/screen/search-device/16e58eec-50aa-48b1-81af-86dafe8004a1
